Ä°Ã§erik,Video baÅŸlÄ±ÄŸÄ±,Videonun yayÄ±nlanma tarihi,SÃ¼re,GÃ¶rÃ¼ntÃ¼leme,Ortalama gÃ¶rÃ¼ntÃ¼leme sÃ¼resi,Ortalama gÃ¶rÃ¼ntÃ¼leme yÃ¼zdesi (%)
Toplam,,,,768018,0:00:57,35.63
0u1fjl7Is60,ğŸš€ | DERECE Ã–ÄRENCÄ°LERÄ° KAÃ‡ NETLE BAÅLADI?? #yks,"Nov 13, 2024",31,176190,0:00:24,79.89
n4s0hFrR2MQ,â° | DERECE Ã–ÄRENCÄ°LERÄ° GÃœNDE KAÃ‡ SAAT DERS Ã‡ALIÅTI??,"Nov 16, 2024",42,98563,0:00:26,62.92
dYNl0b7gkJc,ğŸ¤© | YKSâ€™nin en Ã¶nemli kuralÄ±!,"Sep 2, 2024",31,50296,0:00:27,87.1
SWKw4t8hxtk,TÃ¼rkÃ§e'de 35+ yapmak iÃ§in bugÃ¼n 0'dan baÅŸla! #tyt #paragraf #tyttÃ¼rkÃ§e,"Nov 29, 2024",607,42764,0:02:47,27.62
IPid6qcx7pI,1 ayda TYT'de tam 27 NET arttÄ±rdÄ±m! | kimse bu taktikleri uygulamÄ±yor,"Nov 14, 2024",503,35159,0:02:37,31.34
ZTizQsw8B0k,son 99 gÃ¼nde ilk 10.000 nasÄ±l yaptÄ±m? | SAY 606. SI & SAY 10.168. SÄ°,"Mar 1, 2024",394,29500,0:02:15,34.45
lTMb_ip6A4M,sayÄ±sal 606. sÄ± yaptÄ±ran yaz tatili rutinim | derece isteyen 12. sÄ±nÄ±flar izlesin! #yks #yks2025,"Jul 5, 2024",677,27652,0:03:21,29.73
JkXLz4hNcjU,ğŸ˜¬ | â€œKeÅŸkeâ€ dememek iÃ§in ÅŸimdi baÅŸlaâ€¦,"Nov 7, 2024",9,23508,0:00:10,119.44
cGjHquagrug,bu video matematik netlerini arttÄ±racak! (her seviye izlesin),"Mar 13, 2024",501,21291,0:02:49,33.93
um72XiFE03w,yks nasÄ±l kazanÄ±lÄ±r? (basitÃ§e),"Feb 24, 2024",603,18228,0:02:41,26.71
BDohHK8_D4I,ğŸ¤¦â€â™‚ï¸ | herkesin yaÅŸadÄ±ÄŸÄ± o diyalogâ€¦,"Nov 21, 2024",4,11172,0:00:07,196.14
14kZFqf0cPw,bu hissi yaÅŸayan bilirğŸ˜,"Jul 5, 2024",8,10924,0:00:12,152.46
U5VKRAYVyKY,âœ… | YKS SORU & CEVAP 3. BÃ–LÃœM,"Sep 8, 2024",20,10868,0:00:17,88.12
SQAqFfxY6bQ,ğŸ¤” | Dershane gerÃ§ekten gerekli mi?,"Oct 14, 2024",9,9956,0:00:14,163.97
UG7NU2Hgv5c,kimler bÃ¶yle? #yks2025 #coachify,"Jul 1, 2024",10,8455,0:00:10,105.32
OgGiABTpadg,ğŸ˜ | biz Ã¼zÃ¼lmÃ¼yo muyuz?,"Mar 6, 2024",16,8396,0:00:13,85.32
ATf8twDvm98,âœ… | YKS SORU & CEVAP 7. BÃ–LÃœM,"Oct 20, 2024",23,8360,0:00:17,73.93
Nh2zQG78oKs,"tyt matematik 3,5 NET'TEN 40 NET'E nasÄ±l Ã§Ä±ktÄ±m? | uyguladÄ±ÄŸÄ±m tÃ¼m yÃ¶ntemler!","Nov 22, 2024",703,8037,0:02:52,24.51
G1kLlkVbDIE,sen piÅŸman mÄ±sÄ±n? ğŸ¤·â€â™‚ï¸,"Dec 2, 2024",18,7599,0:00:14,78.65
nnKXsYezmo4,âœ… | YKS SORU & CEVAP 6. BÃ–LÃœM,"Oct 13, 2024",26,7244,0:00:19,76.11
YYSPQALbsgY,âœ… | YKS SORU & CEVAP 5. BÃ–LÃœM,"Sep 20, 2024",18,6891,0:00:15,83.95
SsM2ylY82sc,ğŸ’¯SON 100 GÃœNDE NE YAPABÄ°LÄ°RSÄ°N?,"Feb 29, 2024",23,6315,0:00:17,74.55
Ax150gNlOUk,"ğŸ’ª | MSÃœ sonrasÄ± vazgeÃ§meyin, yeni baÅŸlÄ±yoruz","Mar 3, 2024",13,5868,0:00:12,92.8
x_9uTMPkrxY,TYTâ€™de En Etkili Ã‡Ã¶zme SÄ±rasÄ±ğŸ«¨,"Feb 12, 2024",10,5480,0:00:11,113.92
QYs_0cDSJXo,âœ… | YKS SORU & CEVAP 8. BÃ–LÃœM,"Oct 28, 2024",27,5214,0:00:19,73.81
4d6bwNL9d9w,âœˆï¸ | yavaÅŸ yavaaÅŸÅŸÅŸâ€¦,"Nov 18, 2024",6,5173,0:00:09,158.12
znSBsDuM3eQ,ğŸ˜… | yaÅŸanan o sahte mutlulukâ€¦,"Oct 26, 2024",5,4881,0:00:09,196.05
Jc2LCsEXqjU,ğŸ˜ª | YKS bazen Ã§ok yoruyorâ€¦,"Sep 7, 2024",10,4850,0:00:10,107.01
yVCKHqTrgR0,SÄ°Z (YKS) NE Ä°STÄ°YOSUNUZ ABÄ°?ğŸ“š,"Feb 14, 2024",23,4815,0:00:16,70.58
I0hG7XKYzck,ğŸ˜ª | antrenmanlarla mat Ã§Ã¶zenin YKSâ€™de daha iyi yapacaÄŸÄ±nÄ± bilmeyen yokturâ€¦,"Sep 9, 2024",27,4243,0:00:20,74.15
x8hG2U1A7iE,Bu Sabah Rutini Ã‡alÄ±ÅŸma Ä°steÄŸimi ArttÄ±rdÄ±,"Dec 3, 2024",49,4182,0:00:22,46.66
dB5yLJRNOgo,YKS SONUCUNA TEPKÄ°ğŸ˜®,"Aug 31, 2024",26,3366,0:00:15,60.58
h_JizeeUpcs,ğŸ¥± | OKULDAN SONRA YORULUYORSAN BUNU UYGULA!,"Nov 20, 2024",32,3238,0:00:20,63.24
s_F834BXSzM,âœ… | YKS SORU & CEVAP 1. BÃ–LÃœM,"Aug 28, 2024",23,3235,0:00:16,71.48
AwgFbYMoHcs,MSÃœâ€™YE BÃ–YLE HAZIRLANğŸ¤©,"Feb 27, 2024",20,3035,0:00:15,75.25
djEB2-bojWU,âœ… | YKS SORU & CEVAP 15. BÃ–LÃœM,"Nov 26, 2024",39,2991,0:00:20,51.93
kuOolRg6MV4,her okulda olan o Ã§ocukâ€¦,"Nov 11, 2024",6,2984,0:00:08,144.57
lJdZ7pMNnj0,3 AYDA KONULAR YETÄ°ÅÄ°R MÄ°?â€¼ï¸,"Feb 18, 2024",43,2975,0:00:23,54.53
Z05w6Hs2SHc,âœ… | YKS SORU & CEVAP 10. BÃ–LÃœM,"Nov 8, 2024",24,2939,0:00:14,61.6
c7aO58_0Nkw,evde Ã§alÄ±ÅŸarak nasÄ±l 606. oldum? | Youtubeâ€™dan ders Ã§alÄ±ÅŸma rehberi! #yks2025,"Jun 28, 2024",675,2931,0:03:33,31.57
CTJ_EOMcAyY,msÃ¼ sonrasÄ± seni toparlayacak o video!,"Mar 21, 2024",335,2491,0:01:48,32.48
17ceeEEWt2U,âœ… | YKS SORU & CEVAP 12. BÃ–LÃœM,"Nov 15, 2024",28,2457,0:00:15,56.26
fu5uzaj3mSk,âœ… | YKS SORU & CEVAP 11. BÃ–LÃœM,"Nov 12, 2024",26,2422,0:00:14,56.72
w_77rGR0hbk,ğŸš€ Ã‡ALIÅTIKLARINI UNUTMA!,"Nov 30, 2024",40,2347,0:00:33,82.67
_Q7HYlJ6Q04,âœ… | YKS SORU & CEVAP 13. BÃ–LÃœM,"Nov 19, 2024",26,2179,0:00:15,59.87
bY7fk2zcdNM,Geometriyi 0â€™dan Ã–ÄŸrensem Yine BÃ¶yle Ã‡alÄ±ÅŸÄ±rdÄ±m,"Dec 4, 2024",41,2095,0:00:15,38.28
ZNYULPd36aI,âŒ | EÅÄ°T AÄIRLIKSAN BU HATAYI YAPMA,"Sep 4, 2024",35,2031,0:00:15,44.48
Y0joRg6JdBs,Bu 2 Maddeyi BildiÄŸim Ä°Ã§in Derece YaptÄ±m,"Dec 1, 2024",49,1990,0:00:27,57.12
x_XQbDy2-P8,bu kanallar derece yaptÄ±rÄ±r!,"Jul 3, 2024",23,1938,0:00:15,66.61
R4ykpToQ0Lw,ğŸš€ | TYT Fenâ€™de 1 gÃ¼nde bitecek 5 konu!,"Mar 4, 2024",26,1804,0:00:17,67.14
kCVW8thmPy4,ğŸ’¯ | BOÅ VAKÄ°TLERÄ°NDE BÄ°YOLOJÄ° Ã–ÄREN!,"Oct 9, 2024",19,1751,0:00:09,49.4
cpqzxfbRHkg,ğŸš€ | Herkesi eleyen o Ã§ocukâ€¦,"Oct 18, 2024",11,1655,0:00:11,100.46
CwywyQ3LQv8,bu 5 konuyu Ã¶ÄŸrenmeden 12. sÄ±nÄ±fa geÃ§me | bunlarÄ± iyi bilen derece yapar! #yks2025,"Jul 2, 2024",299,1630,0:01:59,40.08
8prFLlFDqHI,ğŸ« | DERECE Ã–ÄRENCÄ°LERÄ° NASIL HAZIRLANDI??,"Nov 24, 2024",40,1599,0:00:23,59.63
kOqmyXPyCYs,ğŸ«¡ | lise hayatÄ±n gÃ¶zÃ¼nÃ¼n Ã¶nÃ¼nden geÃ§erâ€¦,"Sep 2, 2024",15,1560,0:00:09,65.68
a5nKRVwhSWU,âœ… | UYGULADIÄIM KAMPI ÃœCRETSÄ°Z PAYLAÅIYORUM!,"Sep 5, 2024",49,1559,0:00:25,53.03
jrQIpxCuG7g,â“| MEZUNLARIN EN Ã‡OK Ä°Å BULDUÄU 6 BÃ–LÃœM!,"Nov 27, 2024",52,1558,0:00:30,58.76
cWr1hlD8XiI,â“| MATEMATÄ°ÄÄ°N EN ZOR 6 KONUSUNU SIRALA!,"Nov 14, 2024",28,1514,0:00:22,80.87
bzVPjUM7bUs,ğŸš€ | 15 SANÄ°YEDE TYT MATEMATÄ°K FULLE!!,"Oct 30, 2024",17,1493,0:00:13,80.67
AmPvh_W4Wkg,âœ… | YKS SORU & CEVAP 14. BÃ–LÃœM,"Nov 24, 2024",31,1408,0:00:16,52.96
fJdqw2NONQA,âœ… | YKS SORU & CEVAP 2. BÃ–LÃœM,"Sep 1, 2024",19,1354,0:00:14,77.04
WOSq4NoO_68,TÃ¼rkÃ§eâ€™de Bu 3 AÅŸamalÄ± Turlama TaktiÄŸiyle 35+ YaptÄ±m,"Dec 6, 2024",38,1285,0:00:22,60.21
jYETVI5Mzvc,dikkat eksikliÄŸine raÄŸmen yks'de derece yapmak! (DEHB) | SAY 10.168.si #yks2025,"Jun 20, 2024",354,1252,0:02:02,34.54
8q11in88GQg,zaman geldiâ€¦ #yks2025 #coachifyedu,"Jun 24, 2024",23,1243,0:00:11,49.58
A29hz_0n_qs,ğŸš€ | TYT FENâ€™DE 1 GÃœNDE BÄ°TECEK KONULAR,"Nov 25, 2024",31,1209,0:00:19,62.6
NIJhnMSSkUU,ğŸ‘‰ | ikna etmeye Ã§alÄ±ÅŸtÄ±ÄŸÄ±n arkadaÅŸÄ±na gÃ¶nderğŸ˜ƒ,"Oct 21, 2024",13,1196,0:00:11,90.46
1DGK0dS8fuQ,agalarÄ±n gÃ¶zÃ¼nde deÄŸerin ğŸ“ˆ,"Nov 28, 2024",16,1163,0:00:10,66.72
9LdqF-nNiCI,âœ… | YKS SORU & CEVAP 4. BÃ–LÃœM,"Sep 14, 2024",19,1142,0:00:14,78.47
TQ1a99y3R0w,ğŸ’¯ | MEBâ€™Ä°N ÃœCRETSÄ°Z KAMPINI KAÃ‡IRMA!!,"Nov 17, 2024",31,1132,0:00:16,54.71
27EOUs0Z314,ğŸš€ | NETLERÄ°NÄ° ARTTIRACAK 4 PLAYLIST!,"Oct 16, 2024",49,1099,0:00:16,34.61
3sy8T11uXS4,ğŸ˜ | net hesaplarÄ± baÅŸladÄ± mÄ±??,"Nov 25, 2024",5,1033,0:00:08,173.67
LhFNGcX2tWA,â“| sana ben soruyorum??,"Oct 11, 2024",14,1022,0:00:11,84.22
JVFwUlOJVK8,anÄ±nda net arttÄ±ran deneme rutinleri | SAY 606. SI & SAY 10.168. SÄ°,"Mar 24, 2024",459,1020,0:02:14,29.24
tXM8wHDFLLk,Ã–SYM SorularÄ± Buradan HazÄ±rlÄ±yor ğŸ‘€,"Feb 11, 2024",22,1006,0:00:18,82.4
A20cbOeRLO8,ğŸ˜… | o anlÄ±k rahatlÄ±k seviyesiâ€¦,"Nov 14, 2024",12,943,0:00:08,69.95
gFJPBqwzSH4,TEMBEL Ã¶ÄŸrenciden Ã‡ALIÅKAN Ã¶ÄŸrenciye dÃ¶nÃ¼ÅŸ! Ã§alÄ±ÅŸma saatlerini anÄ±nda arttÄ±r! #yks #yks2025,"Aug 29, 2024",390,915,0:02:17,35.22
FHMSfKY-yKA,TYT 1 Haftada 8 Net ArttÄ±ran Deneme KampÄ±ğŸ‘ï¸,"Feb 15, 2024",21,906,0:00:15,72.84
1trHAGIdVZ4,ğŸ’£ | 20 SANÄ°YEDE TYT TÃœRKÃ‡E FULLE!!,"Nov 10, 2024",22,901,0:00:14,63.75
c2s3HSPed0s,EEENNNN KAPSAMLI TYT YKS KAYNAK Ã–NERÄ°LERÄ° |Â doÄŸru kaynak seÃ§imi derece yaptÄ±rÄ±r! #yks #yks2025,"Sep 8, 2024",1620,900,0:03:23,12.58
pVWod4Vvz4A,âœ… | YKS SORU & CEVAP 9. BÃ–LÃœM,"Nov 6, 2024",32,815,0:00:13,42.07
jwZVsFrRb_0,ğŸ˜¤ | HAK ETTÄ°ÄÄ°N NETTE DEÄÄ°LSEN Ä°ZLE!,"Nov 7, 2024",27,803,0:00:17,63.92
QbeBVEcZCD4,ğŸ˜­ | bazen Ã§abalasan da olmazâ€¦,"Oct 4, 2024",9,790,0:00:09,102.94
ixfd7GCuhIo,ğŸ«  | o farkÄ±ndalÄ±k anÄ±â€¦,"Sep 16, 2024",12,784,0:00:08,70.13
AGZir8HuOHI,ğŸ¤¡ | mucize bekleyen arkadaÅŸÄ±na gÃ¶nder :)),"Oct 7, 2024",51,778,0:00:25,50.03
VXMmld_2zK8,sonuÃ§ aÃ§Ä±klanma haftasÄ±na girinceâ€¦,"Jul 9, 2024",5,767,0:00:06,139.49
Pm-Di1FznRY,â‰ï¸ | hangi sÄ±nav?,"Sep 23, 2024",14,759,0:00:08,63.86
r9Azurm-1vk,â¤ï¸â€ğŸ”¥ | Ã–ÄRENMENÄ°N EN KOLAY YOLU!,"Oct 24, 2024",37,726,0:00:16,44.45
WlQ58Mz9LyI,â¤ï¸â€ğŸ”¥ | DERECE Ã–ÄRENCÄ°LERÄ°NDEN 4 TAKTÄ°K!,"Sep 11, 2024",37,595,0:00:19,52.05
I9mGgYB9tzk,ğŸ˜ | her mezun senesinin deÄŸiÅŸmeyen senaryosuâ€¦,"Sep 13, 2024",10,570,0:00:08,80.21
kbsMypHzt1k,ZAYIF TEMEL Ä°LE MATEMATÄ°K! ğŸš€,"Aug 27, 2024",20,536,0:00:14,72.21
gebi9X766WI,ğŸ—ï¸ | AYT MATEMATÄ°ÄÄ°N EN Ã–NEMLÄ° KONUSU!!,"Sep 18, 2024",29,498,0:00:14,51.11
SmGvRCNTSkg,ğŸ˜ƒ | bu taktik de tutmadÄ±!,"Oct 30, 2024",13,333,0:00:09,72.52
oXjksgBfTaI,Cemre Coachify TanÄ±tÄ±m,"Jan 16, 2024",96,237,0:00:33,34.8
u_I7M-En_zA,Elif Coachify TanÄ±tÄ±m,"Jul 15, 2023",108,199,0:00:34,32.26
aH8NEd171Rg,Elif Coachify TanÄ±tÄ±m,"Oct 30, 2023",105,198,0:00:37,36.11
RSctT8KdtzQ,Feyza TanÄ±tÄ±m,"Oct 11, 2023",66,174,0:00:34,51.64
SU58zjQOsiw,EylÃ¼l Pelin Coachify TanÄ±tÄ±m,"Jul 13, 2023",93,125,0:00:35,38.64
0x1QNHeyrXk,Can  Coachify TanÄ±tÄ±m,"Jul 13, 2023",95,85,0:00:35,37.07
y9fIiWtUfEo,Umut Berkay Ã–zdemir Coachify TanÄ±tÄ±m,"Jul 13, 2023",158,66,0:00:35,22.23
kd59D_7D6Rg,Janset Coachify TanÄ±tÄ±m,"Sep 9, 2023",148,44,0:00:40,27.44
QN00Vww4_Xw,Muhammet TanÄ±tÄ±m Videosu,"Oct 30, 2023",87,41,0:00:36,41.7
tcixF3EtAkg,Yaman Coachify TanÄ±tÄ±m,"Sep 9, 2023",131,26,0:00:52,39.84
ARM8N_M1P6I,Ferit Coachify TanÄ±tÄ±m Videosu,"Nov 24, 2023",103,19,0:00:37,36.76
HejYRT6l9yw,Berkay TanÄ±tÄ±m Videosu,"Oct 11, 2023",65,18,0:00:30,46.3
7mksi4AnZ1w,Afra Ada TanÄ±tÄ±m,"Oct 11, 2023",70,9,0:00:24,34.59
3SgcuBH99UE,Giray Coachify TanÄ±tÄ±m,"Oct 30, 2023",61,8,0:00:36,60.08
iTAhzteO2rE,Mehmet Ali Coachify TanÄ±tÄ±m,"Nov 10, 2023",64,8,0:00:39,61.07
lhafPhvrRq4,Ä°rem Coachify TanÄ±tÄ±m,"Jul 13, 2023",111,8,0:00:32,29.43
Oxw0lCnRJho,Ã–mer  Coachify TanÄ±tÄ±m,"Jul 13, 2023",122,5,0:00:46,37.99
dL6KwlUhhRo,HaÅŸim Coachify TanÄ±tÄ±m,"Sep 6, 2023",65,5,0:00:18,27.75
7g1nNn5i0LA,Beren Coachify TanÄ±tÄ±m Videosu,"Nov 24, 2023",157,4,0:00:47,30.05
HxYQIpZXzeE,HaÅŸim Coachify TanÄ±tÄ±m,"Jul 14, 2023",50,4,0:00:26,52.24
dFFKKufTUlY,Mehmet Enes Coachify TanÄ±tÄ±m,"Oct 30, 2023",64,4,0:00:23,36.38
Gq-HtTibVCk,Bora Coachify TanÄ±tÄ±m,"Sep 9, 2023",30,2,0:00:22,73.7
Gswdizpdty8,Mert Coachify TanÄ±tÄ±m,"Sep 6, 2023",64,2,0:00:28,44.47
Tdk6Rr_S2VA,Eren TanÄ±tÄ±m Videosu,"Oct 11, 2023",78,2,0:01:11,91.55
Zi0ccVGxPKk,HaÅŸim BÃ¼yÃ¼kÃ§elik Coachify TanÄ±tÄ±m,"Jul 13, 2023",50,1,0:01:12,145.12
yUSjdut0Y6c,Mert KalaycÄ± Coachify TanÄ±tÄ±m,"Jul 13, 2023",57,0,,
